-3.037847345694899559e-03,-8.824099600315093994e-02,3.707885146141052246e-01,-1.227170079946517944e-01,-6.333567202091217041e-02,5.366160273551940918e-01,-2.316018193960189819e-02,2.701341807842254639e-01,5.503888130187988281e-01,-1.396829038858413696e-01,-1.693232916295528412e-02,3.146576583385467529e-01,5.107851624488830566e-01,1.256216764450073242e-01,6.308916956186294556e-02,-2.046160250902175903e-01
-9.071609005331993103e-03,-7.000923156738281250e-03,7.130914330482482910e-01,-4.810365438461303711e-01,-1.545324623584747314e-01,7.628241777420043945e-01,-2.526468038558959961e-01,7.158089280128479004e-01,5.260117650032043457e-01,1.558137387037277222e-01,-1.278874576091766357e-01,1.167205572128295898e-01,1.247382983565330505e-01,2.089254409074783325e-01,3.259513378143310547e-01,-1.596088707447052002e-01
8.863350376486778259e-03,-8.264935761690139771e-02,-1.625877767801284790e-01,-1.470219194889068604e-01,-7.106775790452957153e-02,1.740310937166213989e-01,-9.745735675096511841e-02,2.578693032264709473e-01,8.793301880359649658e-02,-6.314634531736373901e-02,1.358968317508697510e-01,-1.987632736563682556e-02,1.671128422021865845e-01,-1.092559620738029480e-01,-1.198699399828910828e-01,-3.689118474721908569e-02
3.792794048786163330e-02,2.971358597278594971e-02,6.903459429740905762e-01,2.086486369371414185e-01,7.413318753242492676e-02,6.674045920372009277e-01,-1.324611604213714600e-01,-2.427825480699539185e-01,4.331991970539093018e-01,-1.658478677272796631e-01,-2.133142352104187012e-01,4.407614469528198242e-01,3.666280210018157959e-01,1.778772473335266113e-01,2.640732526779174805e-01,-4.083013534545898438e-02
-6.455696374177932739e-02,-1.005170270800590515e-01,5.881769061088562012e-01,1.434268802404403687e-01,6.914276629686355591e-02,5.188085436820983887e-01,8.156847953796386719e-02,-2.028905153274536133e-01,6.044796109199523926e-01,2.008958347141742706e-02,-1.694802045822143555e-01,3.432209491729736328e-01,1.479132175445556641e-01,-7.283125072717666626e-02,6.060419604182243347e-02,-6.637433171272277832e-02
4.266330040991306305e-03,-7.912258803844451904e-02,1.460328847169876099e-01,4.522496461868286133e-02,-8.852226287126541138e-02,1.155909430235624313e-02,-9.820349514484405518e-02,1.806830465793609619e-01,1.178534980863332748e-02,-1.187241524457931519e-01,-1.717925444245338440e-02,-2.185981161892414093e-02,-8.613611012697219849e-02,-8.146008849143981934e-02,8.030053973197937012e-02,-1.313895285129547119e-01
1.899633742868900299e-02,-8.482535183429718018e-02,-9.024212509393692017e-02,-1.547621786594390869e-01,-5.870480462908744812e-02,9.239858388900756836e-02,1.476198881864547729e-01,-9.221661090850830078e-02,7.325056195259094238e-02,9.401846677064895630e-02,-9.569197893142700195e-02,4.622224345803260803e-02,-1.270958036184310913e-01,1.142075881361961365e-01,1.329617351293563843e-01,-1.423656344413757324e-01
-1.435271799564361572e-01,4.749339818954467773e-02,-2.242671325802803040e-02,4.112220928072929382e-02,-1.841325759887695312e-01,-4.504140838980674744e-02,-1.900260448455810547e-01,1.276619136333465576e-01,8.263031393289566040e-02,-9.554892033338546753e-02,-1.845488250255584717e-01,7.652860134840011597e-02,2.765861339867115021e-02,3.444299101829528809e-02,1.863192170858383179e-01,-1.490768045186996460e-01
5.741931870579719543e-02,-7.805921882390975952e-02,1.878826022148132324e-01,3.602031245827674866e-02,3.940876200795173645e-02,2.787779550999403000e-03,4.831746220588684082e-03,-1.603218913078308105e-01,-2.651932649314403534e-02,-1.943929493427276611e-01,1.448100656270980835e-01,1.014917567372322083e-01,8.112722635269165039e-02,-1.450712210498750210e-03,-7.169498503208160400e-02,-5.152705684304237366e-02
-9.825595468282699585e-02,-1.521240323781967163e-01,-1.882991194725036621e-01,-8.532206714153289795e-02,-1.881778240203857422e-01,-8.617734163999557495e-02,-9.015970863401889801e-03,2.878393977880477905e-02,-3.491090238094329834e-01,-1.810547858476638794e-01,-1.960197836160659790e-02,-9.012648835778236389e-03,-1.686590462923049927e-01,1.519390493631362915e-01,3.523715957999229431e-02,-1.647231914103031158e-02
1.154769137501716614e-01,-5.152605846524238586e-02,-1.481529027223587036e-01,-1.766044348478317261e-01,6.432978902012109756e-03,4.331139475107192993e-02,-1.144279539585113525e-01,-1.099202856421470642e-01,-2.364029735326766968e-02,1.489591132849454880e-02,3.429277613759040833e-02,-8.899872004985809326e-02,1.535917222499847412e-01,-1.008389741182327271e-01,7.187195867300033569e-02,1.619054079055786133e-01
4.298285022377967834e-02,7.495041191577911377e-02,6.981849074363708496e-01,-1.684285551309585571e-01,-1.161504462361335754e-01,3.970597684383392334e-01,1.913194954395294189e-01,2.909735143184661865e-01,4.514769315719604492e-01,-1.118262112140655518e-01,-1.361968517303466797e-01,3.037479817867279053e-01,4.262541830539703369e-01,-2.472565509378910065e-02,9.495666623115539551e-02,-1.450687944889068604e-01
4.160307347774505615e-02,-2.119335904717445374e-02,5.901655554771423340e-02,-1.428536921739578247e-01,6.770371645689010620e-02,8.943877369165420532e-02,1.300536841154098511e-01,6.119198352098464966e-02,4.670250043272972107e-02,-1.069632694125175476e-01,-1.721124164760112762e-02,-1.061920374631881714e-01,5.408971384167671204e-02,-1.312778592109680176e-01,-7.770413160324096680e-02,6.123254448175430298e-02
7.172016799449920654e-02,-1.527465283870697021e-01,1.351940631866455078e-01,1.070793047547340393e-01,1.222966331988573074e-02,-1.794755756855010986e-01,-1.167136505246162415e-01,1.542025804519653320e-01,1.462959796190261841e-01,-1.905953139066696167e-02,-3.225093334913253784e-02,8.786525577306747437e-03,-3.976185247302055359e-02,-1.685227453708648682e-01,-1.541352570056915283e-01,3.527903556823730469e-02
1.644215136766433716e-01,-5.573824048042297363e-03,-3.794667497277259827e-02,4.400973394513130188e-02,-9.821978211402893066e-02,1.511204391717910767e-01,-1.579077094793319702e-01,-1.134067848324775696e-01,1.712134107947349548e-02,1.455233842134475708e-01,1.293899267911911011e-01,4.674530774354934692e-02,-5.590314045548439026e-02,1.970460563898086548e-01,-1.691233515739440918e-01,-1.881483942270278931e-01
-1.386926621198654175e-01,-1.271690130233764648e-01,-9.095445275306701660e-03,-1.335266232490539551e-01,3.399828821420669556e-02,1.188879925757646561e-02,1.747223287820816040e-01,1.768690794706344604e-01,1.089671850204467773e-01,1.797095388174057007e-01,6.414654105901718140e-02,1.079421937465667725e-01,-4.546252265572547913e-02,-1.765259504318237305e-01,8.837133646011352539e-02,1.884008944034576416e-02
-4.599276930093765259e-02,1.451238840818405151e-01,4.921755567193031311e-02,-4.725310578942298889e-02,-1.671329699456691742e-02,6.712850928306579590e-02,-1.220961064100265503e-01,8.054051548242568970e-02,-9.824682027101516724e-02,5.265017226338386536e-02,-2.158199809491634369e-02,6.456834077835083008e-02,-2.516463585197925568e-02,1.234816536307334900e-01,6.554686278104782104e-02,-4.191046953201293945e-02
1.086883023381233215e-01,7.342636585235595703e-02,5.489700660109519958e-02,-2.566139772534370422e-02,1.832965016365051270e-01,-5.268781632184982300e-02,-6.932208687067031860e-02,-1.311426609754562378e-01,-1.503382772207260132e-01,8.976658433675765991e-02,-5.577936023473739624e-02,1.924310810863971710e-02,1.950702220201492310e-01,-1.170452088117599487e-01,1.945317373611032963e-03,1.015962511301040649e-01
6.760027259588241577e-02,-4.292980208992958069e-02,-1.299438327550888062e-01,7.602856308221817017e-02,1.683121025562286377e-01,-1.433843970298767090e-01,1.810287833213806152e-01,9.162081778049468994e-02,2.211774438619613647e-01,-9.465300291776657104e-02,-1.483290046453475952e-01,1.406394690275192261e-01,1.422252207994461060e-01,1.516859978437423706e-01,-8.499522507190704346e-02,-1.736289411783218384e-01
-6.480838358402252197e-02,1.686654537916183472e-01,-1.415508799254894257e-02,1.615357398986816406e-01,1.192328985780477524e-02,3.779314085841178894e-02,-1.336287558078765869e-01,1.571708172559738159e-01,9.750970453023910522e-02,-2.948995679616928101e-02,-1.200701296329498291e-01,6.160851567983627319e-02,1.062597963027656078e-03,-2.971571870148181915e-02,-3.937842324376106262e-02,4.370808228850364685e-02
1.892003417015075684e-01,1.687820404767990112e-01,-1.163105145096778870e-01,2.921917289495468140e-02,9.830419719219207764e-02,1.125258430838584900e-01,8.372534066438674927e-02,-1.162799149751663208e-01,8.888434618711471558e-02,4.176088050007820129e-02,-8.064376562833786011e-02,-6.268797814846038818e-02,8.505266904830932617e-02,1.749892532825469971e-01,1.292869565077126026e-03,5.665826424956321716e-02
1.841677129268646240e-01,5.303342826664447784e-03,-1.138317584991455078e-02,1.274695396423339844e-01,1.902488172054290771e-01,8.571673929691314697e-02,-1.612284630537033081e-01,1.110736397095024586e-03,2.265097200870513916e-02,1.139882728457450867e-01,-1.634550094604492188e-01,-1.191731691360473633e-01,-6.493348628282546997e-02,-1.519961059093475342e-01,3.980179876089096069e-02,-1.273539513349533081e-01
-1.459916234016418457e-01,3.282785788178443909e-02,-9.419286623597145081e-03,7.164123468101024628e-03,-1.697076857089996338e-01,1.137042492628097534e-01,-1.112358719110488892e-01,5.806702747941017151e-02,1.560667008161544800e-01,1.914763599634170532e-01,1.289515495300292969e-01,1.440810412168502808e-01,-6.137203425168991089e-02,1.721415072679519653e-01,-1.810255646705627441e-01,-1.773230135440826416e-01
1.831566542387008667e-01,-6.259911693632602692e-03,-1.238332837820053101e-01,-5.164635181427001953e-02,-1.556867212057113647e-01,8.483560383319854736e-02,-1.183467730879783630e-02,-1.581247150897979736e-01,1.017466560006141663e-01,4.146724566817283630e-02,-1.917895972728729248e-01,5.554522201418876648e-02,9.826793335378170013e-03,-2.178361453115940094e-02,1.179944351315498352e-02,1.426721457391977310e-02
-1.263913661241531372e-01,-1.582423895597457886e-01,9.530667215585708618e-02,1.323627531528472900e-01,1.240765750408172607e-01,-1.794434785842895508e-01,1.016488205641508102e-02,1.194490790367126465e-01,1.716997921466827393e-01,-1.396131217479705811e-01,7.066129148006439209e-02,1.773356634657830000e-04,-1.054608169943094254e-02,7.420648634433746338e-02,-6.648755166679620743e-03,-3.321405500173568726e-02
-1.793551892042160034e-01,1.566212326288223267e-01,-1.406607478857040405e-01,-1.111812740564346313e-01,-1.844478957355022430e-02,1.425515264272689819e-01,-1.666653007268905640e-01,8.564271777868270874e-02,-6.668457388877868652e-02,4.041364416480064392e-03,-1.033843532204627991e-01,-3.454241529107093811e-02,-1.838775873184204102e-01,1.750345714390277863e-02,-7.944690436124801636e-02,-1.481720507144927979e-01
7.819562405347824097e-02,1.534162163734436035e-01,-1.149798408150672913e-01,-1.234128847718238831e-01,2.749877981841564178e-02,2.138674072921276093e-02,-2.129374258220195770e-02,-6.451717764139175415e-02,8.781313151121139526e-02,1.382529884576797485e-01,-1.157312933355569839e-02,3.788532689213752747e-02,1.747277826070785522e-01,3.650929778814315796e-02,-9.869142621755599976e-02,-1.927783191204071045e-01
-2.903249114751815796e-02,1.248990148305892944e-01,1.167090460658073425e-01,2.622835896909236908e-02,1.742005534470081329e-02,1.367858890444040298e-02,1.625992655754089355e-01,8.776168525218963623e-02,-8.625125139951705933e-02,-1.068960875272750854e-01,-8.512323349714279175e-02,1.970672905445098877e-01,1.123633235692977905e-01,-1.247493773698806763e-01,-1.699832826852798462e-01,7.051257789134979248e-02
1.793494522571563721e-01,-1.367992162704467773e-01,7.860530167818069458e-02,-1.136894524097442627e-01,7.197035849094390869e-02,1.206013411283493042e-01,-2.892800839617848396e-03,1.615866422653198242e-01,-1.200799494981765747e-01,2.057579718530178070e-02,-1.253848373889923096e-01,1.075827702879905701e-01,4.185456410050392151e-02,1.202076673507690430e-03,6.807091087102890015e-02,-1.930987685918807983e-01
-1.864109784364700317e-01,-1.416909247636795044e-01,-1.559968143701553345e-01,-1.085918545722961426e-01,2.846484817564487457e-02,4.903048649430274963e-02,2.125361934304237366e-02,1.652434915304183960e-01,1.031846776604652405e-01,-9.051124751567840576e-02,1.675810068845748901e-01,5.153914913535118103e-02,1.098615229129791260e-01,-1.775742918252944946e-01,1.651050746440887451e-01,1.696429401636123657e-01
-1.678228378295898438e-01,3.925059735774993896e-02,4.080945625901222229e-02,1.106468513607978821e-01,-5.778978019952774048e-02,-8.043300360441207886e-02,8.362907916307449341e-02,-5.912006646394729614e-02,1.063648164272308350e-01,1.420799493789672852e-01,-2.900922112166881561e-02,-6.848952919244766235e-02,1.203623265027999878e-01,-3.321834607049822807e-03,-2.195460200309753418e-01,3.233123198151588440e-02
7.023557275533676147e-02,-1.664168760180473328e-02,-3.647161647677421570e-03,1.668096631765365601e-01,5.950182303786277771e-02,1.076513081789016724e-01,5.414155498147010803e-02,1.125498563051223755e-01,-3.874690085649490356e-02,4.664488881826400757e-02,1.916746348142623901e-01,-6.864709407091140747e-02,-1.359433531761169434e-01,9.619282186031341553e-02,1.851870119571685791e-01,-1.014430299401283264e-01
-4.182951152324676514e-02,4.181891679763793945e-03,5.758676677942276001e-02,-1.021395027637481689e-01,8.566291630268096924e-02,6.042078137397766113e-02,-1.537176072597503662e-01,-2.443555742502212524e-01,7.279964536428451538e-02,1.398341059684753418e-01,-8.468483388423919678e-02,-1.471118927001953125e-01,8.601848781108856201e-02,1.711106449365615845e-01,-1.166693717241287231e-01,-3.538533672690391541e-02
1.912854909896850586e-01,-6.680569052696228027e-02,5.870062112808227539e-02,-1.354018896818161011e-01,1.721013337373733521e-01,-9.371392428874969482e-02,1.705184578895568848e-01,1.510125845670700073e-01,9.966150671243667603e-02,-1.113465754315257072e-03,-1.699444055557250977e-01,-1.416042745113372803e-01,1.608620136976242065e-01,1.031187549233436584e-01,-6.567233055830001831e-02,9.972929954528808594e-02
1.629634648561477661e-01,-8.339588344097137451e-02,9.535497054457664490e-03,-1.087037250399589539e-01,4.949447140097618103e-02,2.016229480504989624e-01,-1.338549703359603882e-01,1.182387396693229675e-01,-3.003370203077793121e-02,2.811843156814575195e-02,1.018335744738578796e-01,-8.550561964511871338e-02,7.941356860101222992e-03,-4.775849357247352600e-02,1.389553993940353394e-01,1.393602937459945679e-01
-1.585048288106918335e-01,6.994052976369857788e-02,9.837436676025390625e-02,-1.252220571041107178e-01,-1.902322284877300262e-02,1.037171557545661926e-01,1.235243603587150574e-01,-1.432200372219085693e-01,-9.927449375391006470e-02,-7.672980427742004395e-02,-1.956550180912017822e-01,1.625583618879318237e-01,-8.110959082841873169e-02,-9.153679013252258301e-02,9.915932267904281616e-02,-1.406937390565872192e-01
1.178556531667709351e-01,-3.922942653298377991e-02,-1.144720762968063354e-01,9.986467659473419189e-02,-1.788018830120563507e-02,1.721742749214172363e-01,5.078629776835441589e-02,1.395181268453598022e-01,-5.398133769631385803e-02,9.642414003610610962e-02,-5.300970282405614853e-03,-1.241420395672321320e-02,-2.704910002648830414e-02,1.316495388746261597e-01,-7.239493727684020996e-02,1.665720343589782715e-01
6.435065716505050659e-02,-1.134601305238902569e-03,1.269340608268976212e-02,-1.532899886369705200e-01,-1.798124611377716064e-01,-9.510144591331481934e-02,-3.431151434779167175e-02,2.495604753494262695e-02,1.163396686315536499e-01,4.133992642164230347e-02,-4.571962729096412659e-02,1.103619188070297241e-01,1.519886702299118042e-01,-1.092400401830673218e-01,7.062493264675140381e-02,5.337311699986457825e-02
-7.306469231843948364e-02,-7.647733204066753387e-03,1.532991677522659302e-01,5.063153803348541260e-02,-1.114748120307922363e-01,-2.233242616057395935e-02,1.518519967794418335e-01,1.723117083311080933e-01,-3.989054635167121887e-02,1.651821285486221313e-01,9.107857197523117065e-02,-1.078846976161003113e-01,-8.059614896774291992e-02,-3.441071510314941406e-02,1.817942969501018524e-02,-1.011114567518234253e-01
2.605904079973697662e-02,1.301098731346428394e-03,-1.332299262285232544e-01,-1.159455999732017517e-01,5.615576729178428650e-02,-1.626883596181869507e-01,-1.326799988746643066e-01,-5.060960352420806885e-02,-1.899537891149520874e-01,-7.548836618661880493e-02,1.176205463707447052e-02,8.837657421827316284e-02,1.487678438425064087e-01,-4.520442336797714233e-02,1.400327980518341064e-01,1.822613775730133057e-01
4.251796007156372070e-02,-6.918711587786674500e-03,-3.185411682352423668e-03,-2.722889557480812073e-02,7.570367306470870972e-02,1.373854428529739380e-01,-1.339711546897888184e-01,-1.205954775214195251e-01,2.134784311056137085e-02,-4.095921758562326431e-03,6.955435872077941895e-02,-1.647813171148300171e-01,-4.316650703549385071e-02,8.259412646293640137e-02,1.345806866884231567e-01,-1.653093546628952026e-01
1.802569329738616943e-01,-6.703738868236541748e-02,4.654930159449577332e-02,1.278260201215744019e-01,-1.410617679357528687e-01,9.215931594371795654e-02,-6.867744773626327515e-02,-1.365060806274414062e-01,1.018733456730842590e-01,1.310336887836456299e-01,-2.333405986428260803e-02,-1.756797917187213898e-02,-6.618490815162658691e-02,1.466251015663146973e-01,-2.968897810205817223e-03,-3.158077225089073181e-02
-2.603271603584289551e-02,4.162987228482961655e-03,6.281191110610961914e-02,1.151353418827056885e-01,8.982037752866744995e-02,-2.399819716811180115e-02,9.812194854021072388e-02,1.115599274635314941e-01,-6.725962739437818527e-03,8.646854013204574585e-02,-1.008952334523200989e-01,1.501376628875732422e-01,-9.994958341121673584e-02,-1.217303499579429626e-01,-9.060720354318618774e-02,-6.652229279279708862e-02
9.489674866199493408e-02,8.383423089981079102e-02,-2.989604882895946503e-02,-1.587534248828887939e-01,1.376897692680358887e-01,1.061794310808181763e-01,9.777559898793697357e-03,1.747965067625045776e-01,4.739969596266746521e-02,4.212490748614072800e-03,-6.303076632320880890e-03,-6.857215613126754761e-02,2.257832139730453491e-01,-9.214342571794986725e-03,-1.617825180292129517e-01,-1.526505947113037109e-01
-1.867440789937973022e-01,1.855621486902236938e-01,1.640488207340240479e-02,-6.566913425922393799e-02,1.506861001253128052e-01,-8.003836125135421753e-02,1.725784838199615479e-01,-2.959458157420158386e-02,1.040131002664566040e-01,1.798909306526184082e-01,-6.808517873287200928e-02,-2.027899175882339478e-01,-1.101368367671966553e-01,1.600054502487182617e-01,-1.991607993841171265e-01,-5.773897469043731689e-02
-4.678393900394439697e-02,1.818501204252243042e-01,1.446367800235748291e-01,-1.762432157993316650e-01,-7.061630487442016602e-02,1.431365162134170532e-01,-1.095979195088148117e-02,-4.051362350583076477e-02,-1.747700423002243042e-01,1.838698536157608032e-01,-3.115014545619487762e-02,1.923789456486701965e-02,-1.379048973321914673e-01,1.330491900444030762e-01,1.270208954811096191e-01,-1.012651845812797546e-01
-1.352594345808029175e-01,-1.809652298688888550e-01,-1.044446974992752075e-01,-1.587985754013061523e-01,-1.004687100648880005e-01,1.878059804439544678e-01,4.913814365863800049e-02,1.152077019214630127e-01,-2.570453844964504242e-02,-5.385998263955116272e-02,1.183401569724082947e-01,1.004144027829170227e-01,1.371752917766571045e-01,-1.930403262376785278e-01,1.243797689676284790e-01,-1.147304698824882507e-01
-1.957679837942123413e-01,1.948293894529342651e-01,1.455036252737045288e-01,8.552805334329605103e-02,-5.181186646223068237e-02,8.446948602795600891e-03,-4.447904974222183228e-02,1.788413152098655701e-02,1.582122221589088440e-02,-5.497261136770248413e-02,8.436158299446105957e-03,-4.696339368820190430e-03,6.844505667686462402e-02,-2.920966595411300659e-02,1.705550253391265869e-01,1.583252996206283569e-01
-3.106878325343132019e-02,-9.862570092082023621e-03,-6.301116198301315308e-02,4.348674416542053223e-02,-1.684019714593887329e-01,1.098927706480026245e-01,1.769028007984161377e-01,-8.482208102941513062e-02,1.607069075107574463e-01,-1.459515839815139771e-01,1.105402484536170959e-01,1.617631614208221436e-01,-3.649064525961875916e-02,-1.853033304214477539e-01,6.421019881963729858e-02,-1.152550578117370605e-01
9.578002616763114929e-03,-9.138093329966068268e-03,-1.300247162580490112e-01,-1.873445659875869751e-01,-7.174463570117950439e-02,1.423857659101486206e-01,-1.207147762179374695e-01,1.049679517745971680e-02,4.973821341991424561e-02,1.107970625162124634e-01,3.133920580148696899e-02,-1.258040517568588257e-01,7.942458242177963257e-02,-1.384234875440597534e-01,1.814970076084136963e-01,1.839807331562042236e-01
1.914256066083908081e-02,-5.805264692753553391e-03,-1.103566810488700867e-01,8.443900942802429199e-02,1.574698388576507568e-01,4.331419616937637329e-02,-1.794838160276412964e-02,1.338785588741302490e-01,1.229807585477828979e-01,1.822853386402130127e-01,1.699819564819335938e-01,6.119937077164649963e-02,-1.739514172077178955e-01,-2.529492042958736420e-02,5.692341551184654236e-02,-1.227974891662597656e-01
6.915409862995147705e-02,1.411190778017044067e-01,-1.770304702222347260e-02,1.069306675344705582e-02,-4.311508685350418091e-02,-1.056399568915367126e-01,1.292939856648445129e-02,1.877248585224151611e-01,-1.555281132459640503e-01,-1.883853077888488770e-01,1.006051972508430481e-01,1.433387249708175659e-01,5.554503202438354492e-02,6.577567756175994873e-02,9.224869310855865479e-02,1.685148924589157104e-01
1.615719199180603027e-01,6.185737252235412598e-02,3.534671291708946228e-02,-2.543791010975837708e-02,-8.780168741941452026e-02,1.375013738870620728e-01,-9.684459865093231201e-02,-2.380560152232646942e-02,1.592514812946319580e-01,1.373008936643600464e-01,1.590554863214492798e-01,4.335984587669372559e-02,-1.265236437320709229e-01,6.749160122126340866e-03,-3.632675111293792725e-02,-4.157871007919311523e-02
2.474893070757389069e-02,-1.053190603852272034e-01,1.023253723978996277e-01,-2.310736291110515594e-02,-1.163212954998016357e-02,-6.430105865001678467e-02,2.616702392697334290e-02,-1.523085236549377441e-01,8.947821334004402161e-03,1.051216423511505127e-01,8.915802836418151855e-02,-6.552858650684356689e-02,-1.012040078639984131e-01,1.526360064744949341e-01,3.026316128671169281e-02,-2.007259987294673920e-02
-8.380957692861557007e-02,-2.328064991161227226e-03,1.210618540644645691e-01,-1.265127360820770264e-01,3.284119442105293274e-02,2.068784981966018677e-01,-1.812773942947387695e-01,1.727572977542877197e-01,3.932476416230201721e-02,-1.009471714496612549e-01,-1.848014295101165771e-01,-1.781302690505981445e-02,-1.431530863046646118e-01,-2.698073163628578186e-02,6.036626547574996948e-02,-9.843545407056808472e-02
2.717078849673271179e-02,1.102898418903350830e-01,-1.387400776147842407e-01,-1.214802116155624390e-01,1.681875884532928467e-01,1.611631959676742554e-01,1.583235710859298706e-01,1.520298123359680176e-01,-1.535075604915618896e-01,9.012685716152191162e-02,-1.777211427688598633e-01,3.838485106825828552e-02,1.407240331172943115e-01,1.398607641458511353e-01,2.109040319919586182e-02,4.978023469448089600e-02
1.487552523612976074e-01,1.426851451396942139e-01,-6.774639338254928589e-02,1.651920229196548462e-01,2.924958616495132446e-02,-2.515020780265331268e-02,-7.520454376935958862e-02,-1.292716860771179199e-01,8.468344062566757202e-02,-1.093763560056686401e-01,1.117505654692649841e-01,-2.088115364313125610e-02,6.878906278870999813e-04,4.836135357618331909e-02,-1.883271336555480957e-01,1.819414645433425903e-01
1.166781410574913025e-03,-1.198996603488922119e-01,-1.678176224231719971e-02,9.301573783159255981e-02,-7.929661870002746582e-02,-3.412586636841297150e-03,1.248171273618936539e-02,-7.752173393964767456e-02,5.573716014623641968e-02,-1.807051301002502441e-01,-1.256828457117080688e-01,1.531070172786712646e-01,-1.524683684110641479e-01,-3.065460175275802612e-02,-9.608221799135208130e-02,-1.941384971141815186e-01
1.077068299055099487e-01,2.409318089485168457e-02,5.747306626290082932e-03,-7.764228433370590210e-02,1.625377335585653782e-03,7.836085557937622070e-02,1.516270190477371216e-01,2.925389446318149567e-02,5.152389407157897949e-02,-1.465509980916976929e-01,-1.000452861189842224e-01,1.264352351427078247e-01,-7.298278063535690308e-02,6.648693978786468506e-02,-1.892989873886108398e-01,-1.838615685701370239e-01
-1.277617961168289185e-01,-2.062215656042098999e-02,-4.264269769191741943e-02,-1.784142702817916870e-01,1.254702061414718628e-01,1.470648795366287231e-01,-1.405340433120727539e-01,1.482178121805191040e-01,-1.211021691560745239e-01,3.563272207975387573e-02,-1.453184932470321655e-01,3.645498072728514671e-03,1.327470093965530396e-01,-1.448715180158615112e-01,1.614235192537307739e-01,2.916821511462330818e-03
1.211247369647026062e-01,1.425990909337997437e-01,-1.124758571386337280e-01,1.203966699540615082e-02,8.453685045242309570e-02,-9.205736219882965088e-02,5.663805827498435974e-02,-1.503649502992630005e-01,-1.256699562072753906e-01,1.046280935406684875e-01,3.500095009803771973e-02,1.593115031719207764e-01,-1.539111323654651642e-02,4.523253440856933594e-02,1.052272692322731018e-01,-3.775637224316596985e-02
-1.056927964091300964e-01,-2.627847716212272644e-02,-8.100407570600509644e-02,1.324674934148788452e-01,-1.477891057729721069e-01,5.176888033747673035e-02,6.673574447631835938e-02,-7.658562809228897095e-02,6.350231915712356567e-02,2.798518724739551544e-02,-2.020908519625663757e-02,-1.388010680675506592e-01,-1.348452121019363403e-01,-1.545389890670776367e-01,-1.531283706426620483e-01,-2.766024135053157806e-02
9.189993888139724731e-02,1.266436278820037842e-01,1.938677132129669189e-01,-1.297292709350585938e-01,-1.945640295743942261e-01,9.024123102426528931e-02,2.307606302201747894e-02,2.044419348239898682e-01,-7.136039435863494873e-02,-1.520315110683441162e-01,1.812831908464431763e-01,-7.266598939895629883e-02,-4.812886565923690796e-02,1.199748069047927856e-01,-1.083684787154197693e-01,1.865323930978775024e-01
2.671222761273384094e-02,1.191230341792106628e-01,-1.458752602338790894e-01,1.573150604963302612e-01,-4.869877174496650696e-02,3.337802737951278687e-02,-1.218999847769737244e-01,4.973965114913880825e-04,2.036617696285247803e-01,1.025251373648643494e-01,3.242809325456619263e-02,-1.234698519110679626e-01,1.264860481023788452e-01,-2.965139225125312805e-02,2.707359753549098969e-02,-4.778141900897026062e-02
-1.120807323604822159e-02,3.188713639974594116e-02,1.317457556724548340e-01,1.495372205972671509e-01,1.899997144937515259e-01,-1.119681447744369507e-01,1.806607693433761597e-01,-1.155685260891914368e-01,2.957851812243461609e-02,1.148850470781326294e-01,-7.047486305236816406e-02,4.706079140305519104e-03,7.519269734621047974e-02,9.570799767971038818e-02,-1.789852678775787354e-01,-1.051990538835525513e-01
4.694042354822158813e-02,1.130155548453330994e-01,-6.365796923637390137e-02,-3.027181513607501984e-02,-1.896827071905136108e-01,3.449267148971557617e-02,-1.565246880054473877e-01,5.836338549852371216e-02,3.015666007995605469e-01,1.083758696913719177e-01,-1.365611255168914795e-01,-5.628537386655807495e-02,1.572943851351737976e-02,-7.394124567508697510e-02,1.106897294521331787e-01,-2.321853116154670715e-02
-1.321741789579391479e-01,2.897926233708858490e-02,-4.604271054267883301e-02,-1.727470383048057556e-02,-1.099429875612258911e-01,1.011505201458930969e-01,-1.849814504384994507e-01,-4.142658784985542297e-02,-5.835445225238800049e-02,-6.489123404026031494e-02,1.084939688444137573e-01,-5.447657778859138489e-02,4.245577752590179443e-02,-1.502558141946792603e-01,-1.130765900015830994e-01,1.318175196647644043e-01
8.779759705066680908e-02,2.650627493858337402e-02,2.285594344139099121e-01,-8.700533211231231689e-02,-1.525477021932601929e-01,3.098715841770172119e-02,1.679766923189163208e-01,1.545178443193435669e-01,-7.236366719007492065e-02,-3.999780118465423584e-02,-1.540761440992355347e-01,-1.312034875154495239e-01,-1.135923527181148529e-02,1.906776130199432373e-01,-5.732890218496322632e-02,-1.557960957288742065e-01
1.289660334587097168e-01,-1.254453957080841064e-01,-1.623292453587055206e-02,-1.135485768318176270e-01,1.607213765382766724e-01,2.678065598011016846e-01,-1.078882515430450439e-01,-9.883458912372589111e-02,3.823015838861465454e-02,-8.277276158332824707e-02,3.318386850878596306e-03,-1.237587407231330872e-01,-2.219831803813576698e-03,1.084798872470855713e-01,-9.088772535324096680e-02,-2.797409519553184509e-02
1.680030114948749542e-02,5.852914229035377502e-02,-7.785212248563766479e-02,-1.089626997709274292e-01,1.822244822978973389e-01,-6.771569699048995972e-02,-5.608329176902770996e-02,1.014145016670227051e-01,1.501570194959640503e-01,1.633414626121520996e-01,-2.331062406301498413e-02,-1.332144439220428467e-02,9.123950451612472534e-02,4.086588695645332336e-02,1.687265485525131226e-01,-1.568665057420730591e-01
-9.417009353637695312e-02,-7.460249215364456177e-02,8.840655535459518433e-02,-1.336130052804946899e-01,-1.858181357383728027e-01,4.826083313673734665e-03,-1.094406917691230774e-01,1.347693800926208496e-01,1.064293533563613892e-01,-6.495646387338638306e-02,6.143230199813842773e-02,2.008669078350067139e-02,7.477930188179016113e-02,-2.001090720295906067e-02,-1.243372932076454163e-01,1.602560579776763916e-01
-9.623966366052627563e-02,-8.005555719137191772e-02,-2.005456238985061646e-01,1.545648574829101562e-01,-6.636483222246170044e-02,2.672396786510944366e-02,1.436461508274078369e-01,5.878751724958419800e-02,2.035315148532390594e-02,-5.470125377178192139e-02,1.128300949931144714e-01,8.371993899345397949e-02,1.074932739138603210e-01,1.872677803039550781e-01,-3.084671217948198318e-03,-1.252690553665161133e-01
-2.008872479200363159e-01,4.332746192812919617e-02,7.450843602418899536e-02,-1.515133827924728394e-01,-2.036994881927967072e-02,1.125695332884788513e-01,2.711440995335578918e-02,1.186025366187095642e-01,5.251659452915191650e-02,-1.907165646553039551e-01,-1.532618794590234756e-02,-5.775681510567665100e-02,6.615957617759704590e-02,8.210781216621398926e-02,2.459419220685958862e-01,7.868083566427230835e-02
-1.115324869751930237e-01,-1.385295093059539795e-01,-2.587345195934176445e-03,1.390414088964462280e-01,-1.840128898620605469e-01,-5.610246211290359497e-02,5.085974559187889099e-02,-1.716966629028320312e-01,-3.141688182950019836e-02,1.041316464543342590e-01,-1.813258528709411621e-01,-2.073044478893280029e-01,-2.069769948720932007e-01,1.381998658180236816e-01,-1.457552984356880188e-02,1.386687010526657104e-01
7.010702788829803467e-02,-6.217028945684432983e-03,4.980418086051940918e-02,1.574065089225769043e-01,-8.208963274955749512e-02,-8.122549951076507568e-02,-1.862272769212722778e-01,-1.373053938150405884e-01,9.096541255712509155e-02,-1.282128095626831055e-01,9.050688147544860840e-02,4.651835188269615173e-03,-1.066650450229644775e-01,1.828392744064331055e-01,9.700054675340652466e-02,-1.769072562456130981e-01
1.059288606047630310e-01,1.344225951470434666e-03,-1.817038357257843018e-01,-8.993223309516906738e-03,-1.500257700681686401e-01,8.707023411989212036e-02,6.485180556774139404e-02,1.362371891736984253e-01,5.346501246094703674e-02,6.005319207906723022e-02,-1.249355357140302658e-02,-1.379051953554153442e-01,1.786589175462722778e-01,1.303084343671798706e-01,-7.124097086489200592e-03,4.917252063751220703e-02
1.032628491520881653e-01,1.719643622636795044e-01,1.767850667238235474e-02,1.360152661800384521e-01,1.789911650121212006e-02,-3.913866728544235229e-02,1.649620234966278076e-01,-1.637016534805297852e-01,-1.206021159887313843e-01,1.166032403707504272e-01,-1.124649941921234131e-01,-5.209711194038391113e-02,1.054953858256340027e-01,-1.516231596469879150e-01,9.663350135087966919e-02,-1.459066867828369141e-01
2.978653879836201668e-03,1.596665233373641968e-01,-4.034744575619697571e-03,4.192025214433670044e-02,1.284810602664947510e-01,-3.025744855403900146e-02,1.531192064285278320e-01,-1.886835098266601562e-01,2.212420105934143066e-03,1.723460108041763306e-02,-6.658748537302017212e-02,1.899783127009868622e-02,1.386648714542388916e-01,1.802076250314712524e-01,-1.656013131141662598e-01,-8.964853733777999878e-02
-1.496947556734085083e-01,-7.485630363225936890e-02,8.608424663543701172e-02,-3.626657649874687195e-02,-9.532997012138366699e-02,6.149628758430480957e-02,1.942753493785858154e-01,3.943058103322982788e-02,-1.503174006938934326e-01,5.328750982880592346e-02,4.714577272534370422e-02,-6.315931677818298340e-02,-1.123495623469352722e-01,-1.401022076606750488e-01,1.419682800769805908e-01,2.616421692073345184e-02
-3.984402120113372803e-02,1.039072498679161072e-01,1.185375824570655823e-01,-3.140476718544960022e-02,1.049050688743591309e-01,-1.159344986081123352e-01,1.042946577072143555e-01,-1.827157437801361084e-01,-4.383502528071403503e-02,8.526992797851562500e-02,5.576292052865028381e-03,1.233339384198188782e-01,-1.004457250237464905e-01,1.873945444822311401e-01,1.610139608383178711e-01,-8.843938261270523071e-02
4.092000797390937805e-02,8.819726854562759399e-02,4.356567189097404480e-02,-1.448187530040740967e-01,-1.335647702217102051e-01,-1.297840774059295654e-01,5.470277741551399231e-02,-1.741974353790283203e-01,8.254251629114151001e-02,-1.783368140459060669e-01,9.362011402845382690e-02,3.943588957190513611e-02,5.714561045169830322e-02,-1.113516762852668762e-01,1.136046424508094788e-01,-1.654263585805892944e-01
1.765569001436233521e-01,4.884555563330650330e-02,1.963423006236553192e-02,1.422222405672073364e-01,-4.799724370241165161e-02,-1.964185154065489769e-03,1.531674265861511230e-01,-5.221349373459815979e-02,-1.074617579579353333e-01,-4.175731446593999863e-03,8.833692222833633423e-02,-1.344169527292251587e-01,-2.475281944498419762e-03,-9.571417421102523804e-02,-5.184891074895858765e-02,-1.812883317470550537e-01
6.393156945705413818e-02,3.855390846729278564e-02,6.659625470638275146e-02,1.029288247227668762e-01,-1.557484567165374756e-01,-8.279344998300075531e-03,-1.420296728610992432e-01,9.580832719802856445e-02,1.827327534556388855e-02,-6.607045978307723999e-02,-8.934527635574340820e-02,-1.423528045415878296e-01,-2.630285732448101044e-02,-2.008129656314849854e-01,-6.925652176141738892e-02,4.922180995345115662e-02
-4.637565091252326965e-02,5.083235725760459900e-02,-7.979527115821838379e-02,9.957437403500080109e-03,3.423929959535598755e-02,8.006867021322250366e-02,9.044931828975677490e-02,-2.089194953441619873e-01,-6.810139119625091553e-02,4.398465529084205627e-02,3.326787799596786499e-02,1.731686592102050781e-01,-1.638442128896713257e-01,-1.278892159461975098e-01,1.204888001084327698e-01,1.735428869724273682e-01
-1.286791414022445679e-01,-1.776227355003356934e-01,7.652468979358673096e-02,5.235307291150093079e-02,-8.104851096868515015e-02,-1.384206265211105347e-01,1.130560114979743958e-01,-2.005130648612976074e-01,-1.235690042376518250e-01,-7.651269435882568359e-02,1.350604593753814697e-01,-5.228269100189208984e-02,-1.260849386453628540e-01,-7.589569315314292908e-03,4.103342071175575256e-02,-1.220537647604942322e-01
-1.007588133215904236e-01,1.305410861968994141e-01,1.868971437215805054e-02,-1.611363440752029419e-01,-7.933488488197326660e-02,-5.874970555305480957e-02,8.768850006163120270e-03,1.423053890466690063e-01,-1.007662415504455566e-01,-2.461253665387630463e-02,-1.629580408334732056e-01,1.188099607825279236e-01,1.378464698791503906e-01,1.068297475576400757e-01,-1.945647597312927246e-01,-1.899795532226562500e-01
-1.908056288957595825e-01,3.310693055391311646e-02,-4.242485761642456055e-02,2.013598829507827759e-01,1.536535769701004028e-01,-2.338775061070919037e-02,2.449006959795951843e-02,9.693808853626251221e-02,4.814800247550010681e-02,-4.743037745356559753e-02,1.852173507213592529e-01,-4.691328853368759155e-02,-6.427816301584243774e-02,-1.763759255409240723e-01,1.384311467409133911e-01,-9.381448477506637573e-02
2.574340999126434326e-02,1.680321395397186279e-01,9.907907806336879730e-03,-1.356585025787353516e-01,-1.029719263315200806e-01,-8.199365437030792236e-02,-1.017857044935226440e-01,1.616697013378143311e-01,6.325711309909820557e-02,1.044328436255455017e-01,-1.616853475570678711e-01,1.838824599981307983e-01,1.141350492835044861e-01,-2.546840906143188477e-02,1.724651306867599487e-01,1.885809302330017090e-01
1.410769820213317871e-01,7.769923657178878784e-02,-1.239976584911346436e-01,-4.945468530058860779e-02,-4.222227632999420166e-02,1.626056134700775146e-01,1.457016170024871826e-01,-1.365747004747390747e-01,-2.764731459319591522e-02,1.341748088598251343e-01,1.318674534559249878e-01,-3.926049545407295227e-02,-3.285735100507736206e-02,3.201109543442726135e-02,1.494962871074676514e-01,1.224408820271492004e-01
-1.042064949870109558e-01,1.671634167432785034e-01,9.080894291400909424e-02,1.567128673195838928e-02,5.839370936155319214e-02,-9.489724040031433105e-02,-1.337163895368576050e-01,4.424597322940826416e-02,9.015020728111267090e-02,-4.657931998372077942e-02,-1.002710219472646713e-02,2.303579822182655334e-02,4.296179860830307007e-02,-1.636480391025543213e-01,-1.944902539253234863e-01,1.266247332096099854e-01
5.016542226076126099e-02,-1.241590902209281921e-01,2.898277342319488525e-02,-2.050417065620422363e-01,1.633335500955581665e-01,-7.736019790172576904e-02,-1.664598584175109863e-01,1.895058527588844299e-02,-1.023296192288398743e-01,7.085560262203216553e-02,-1.773651093244552612e-01,-1.700390875339508057e-01,1.378165930509567261e-01,1.572740972042083740e-01,2.024130150675773621e-02,-3.820040449500083923e-02
-5.637868866324424744e-02,-1.946997791528701782e-01,-1.415453255176544189e-01,4.493649303913116455e-02,1.402065604925155640e-01,-1.645289659500122070e-01,3.799541294574737549e-02,-1.782338023185729980e-01,1.201517954468727112e-01,-1.342011243104934692e-01,2.839945629239082336e-02,1.139989867806434631e-01,2.363502979278564453e-03,4.847328737378120422e-02,-4.540570452809333801e-02,-1.689046174287796021e-01
-1.969296187162399292e-01,1.716201901435852051e-01,1.435154676437377930e-01,-1.662527918815612793e-01,6.211776658892631531e-02,-1.518356204032897949e-01,-9.048333019018173218e-02,-1.862712949514389038e-02,-3.730065003037452698e-02,-1.052293628454208374e-01,1.369289606809616089e-01,9.135680645704269409e-02,-5.889809690415859222e-03,6.568743288516998291e-02,1.770327985286712646e-02,-1.030882447957992554e-01
-1.928436197340488434e-02,-1.129502579569816589e-01,-1.181150227785110474e-01,-1.904289275407791138e-01,-1.117283478379249573e-01,1.590891182422637939e-01,1.529525127261877060e-02,1.902053952217102051e-01,-2.660836279392242432e-02,-1.704563945531845093e-01,-2.774604596197605133e-02,1.330236066132783890e-02,1.324955374002456665e-01,-4.087405279278755188e-02,2.520129084587097168e-02,7.087584584951400757e-02
-1.485322266817092896e-01,-6.059740670025348663e-03,6.453456878662109375e-01,2.166493982076644897e-02,1.242109537124633789e-01,5.991600751876831055e-01,9.289781749248504639e-02,-6.962420791387557983e-02,6.479293107986450195e-01,4.780338332056999207e-02,4.276707768440246582e-02,3.940029144287109375e-01,2.707998752593994141e-01,1.046828627586364746e-01,-7.675173133611679077e-02,-8.900765329599380493e-02
2.160740084946155548e-02,-1.930157542228698730e-01,-2.300317166373133659e-03,2.770254202187061310e-02,1.794036328792572021e-01,6.198665872216224670e-02,1.520369648933410645e-01,-8.052749931812286377e-02,-2.066040188074111938e-01,-3.019360639154911041e-02,-1.375486254692077637e-01,6.438200175762176514e-02,3.168420866131782532e-02,1.482342332601547241e-01,1.182611584663391113e-01,-1.379056572914123535e-01
-1.492795348167419434e-01,-1.110452860593795776e-01,2.692582271993160248e-02,-2.932279556989669800e-02,-1.695595383644104004e-01,-1.018406674265861511e-01,8.887965232133865356e-03,-3.289915621280670166e-02,2.034972608089447021e-01,1.685140877962112427e-01,-4.003277420997619629e-02,6.419823318719863892e-02,-1.647661924362182617e-01,-1.756881624460220337e-01,5.720323696732521057e-02,5.506248213350772858e-03
1.933594048023223877e-02,-9.463897347450256348e-02,1.415155678987503052e-01,4.888589959591627121e-03,9.856369346380233765e-02,-4.712427780032157898e-02,1.143178343772888184e-01,-1.781206279993057251e-01,-1.187033280730247498e-01,7.929661870002746582e-02,-3.443794697523117065e-02,3.302214667201042175e-02,1.122485548257827759e-01,1.494880169630050659e-01,-9.997734427452087402e-02,1.376886218786239624e-01
-6.561212241649627686e-02,-1.396249681711196899e-01,4.888300299644470215e-01,1.586207002401351929e-01,-1.842108815908432007e-01,1.971116662025451660e-01,-1.447248458862304688e-01,1.668610721826553345e-01,3.070055544376373291e-01,9.563259780406951904e-02,1.638604104518890381e-01,-1.563005149364471436e-02,7.312788162380456924e-03,8.116182684898376465e-02,5.770098045468330383e-02,9.477104246616363525e-02
2.909103222191333771e-02,1.834000349044799805e-01,-1.594891101121902466e-01,4.407664015889167786e-02,-6.921413540840148926e-02,1.604284197092056274e-01,1.699439883232116699e-01,-9.729359298944473267e-02,6.281255185604095459e-02,3.810002654790878296e-02,-1.091848760843276978e-01,-4.558503627777099609e-02,-1.835905313491821289e-01,1.193286702036857605e-01,1.001343131065368652e-01,1.060401722788810730e-01
-1.460179537534713745e-01,1.696251183748245239e-01,2.149123325943946838e-02,-2.791229402646422386e-03,1.863352805376052856e-01,1.029306743294000626e-02,-1.203109472990036011e-01,-8.660976588726043701e-02,-6.869054585695266724e-02,-1.566107571125030518e-01,1.478357464075088501e-01,5.252512544393539429e-02,-5.536144599318504333e-02,1.422523409128189087e-01,1.102439686655998230e-01,-5.856350436806678772e-02
-2.007157504558563232e-01,1.032926961779594421e-01,6.803441792726516724e-02,-1.075238585472106934e-01,9.885063767433166504e-02,2.672349102795124054e-02,1.015398874878883362e-01,3.939605876803398132e-02,4.184850677847862244e-02,-1.026766896247863770e-01,1.332208216190338135e-01,-1.794679611921310425e-01,5.625359714031219482e-02,-1.706492304801940918e-01,-1.547124236822128296e-01,8.680579066276550293e-02
-1.452345103025436401e-01,3.693078830838203430e-02,-1.104893609881401062e-01,-6.790470331907272339e-03,-1.572884172201156616e-01,1.636701263487339020e-02,-1.304323524236679077e-01,-1.137011051177978516e-01,1.698279380798339844e-01,-1.300583034753799438e-01,1.636819988489151001e-01,5.341578274965286255e-02,3.950813785195350647e-02,-1.743725985288619995e-01,-4.229044541716575623e-02,-1.162036433815956116e-01
1.460522860288619995e-01,5.227301269769668579e-02,-1.450143158435821533e-01,-7.966483384370803833e-02,-1.514748930931091309e-01,1.575381904840469360e-01,1.222461089491844177e-01,-1.557800024747848511e-01,-3.393033519387245178e-02,-1.915348917245864868e-01,-1.167763993144035339e-01,4.116393625736236572e-02,5.675704404711723328e-02,-3.629507124423980713e-02,1.934659928083419800e-01,1.127855330705642700e-01
4.061473906040191650e-02,1.101914495229721069e-01,-7.444356381893157959e-02,1.853138953447341919e-01,1.530138682574033737e-02,3.354846313595771790e-02,7.352884858846664429e-02,-1.901297457516193390e-02,-1.628075689077377319e-01,-4.384276270866394043e-02,-1.321605145931243896e-01,1.469093710184097290e-01,1.490880250930786133e-01,-6.695329397916793823e-02,-1.197992041707038879e-01,1.945123523473739624e-01
-1.048372015357017517e-01,5.858037248253822327e-02,-1.104480177164077759e-01,1.414007544517517090e-01,3.107113298028707504e-03,1.019550040364265442e-01,-1.703859567642211914e-01,-4.458181932568550110e-02,-1.674322634935379028e-01,-8.313085138797760010e-02,1.723324134945869446e-02,7.504404336214065552e-02,1.114549711346626282e-01,1.642795950174331665e-01,1.998399943113327026e-02,-1.309273689985275269e-01
2.544477814808487892e-03,-5.090091004967689514e-02,5.315062776207923889e-02,1.288440972566604614e-01,-1.035699546337127686e-01,-1.607661135494709015e-02,1.743932440876960754e-02,8.534781634807586670e-02,-2.871095575392246246e-02,5.925722885876893997e-03,1.072709485888481140e-01,-1.386804692447185516e-02,-8.397009223699569702e-02,-5.530799552798271179e-02,1.216661781072616577e-01,-1.178775727748870850e-01
1.226721331477165222e-02,-9.060060232877731323e-02,7.082600146532058716e-02,4.064000397920608521e-02,1.042771562933921814e-01,2.134215980768203735e-01,-1.495788246393203735e-01,1.343936324119567871e-01,-4.561943560838699341e-02,-7.840037345886230469e-02,-1.597656756639480591e-01,-2.285006642341613770e-02,-6.176512688398361206e-02,2.163560315966606140e-02,-3.124467469751834869e-02,1.320138946175575256e-02
-1.897492855787277222e-01,-8.818759024143218994e-02,-9.145934879779815674e-02,5.937232077121734619e-02,1.185875758528709412e-01,1.980264037847518921e-01,-1.879200488328933716e-01,1.072070747613906860e-01,1.111638247966766357e-01,4.167814180254936218e-02,-1.584969311952590942e-01,2.051019370555877686e-01,-1.386016905307769775e-01,-1.100841537117958069e-01,-1.010767221450805664e-01,-6.653151661157608032e-02
3.519760444760322571e-02,-1.131303235888481140e-01,8.248300105333328247e-02,-1.282600611448287964e-01,1.763884276151657104e-01,9.538884460926055908e-02,-4.071855917572975159e-02,-8.092730492353439331e-02,1.392188966274261475e-01,1.543041318655014038e-01,-1.705900765955448151e-02,-4.457796737551689148e-02,1.844854094088077545e-02,1.077517047524452209e-01,-8.264430612325668335e-02,-1.152644082903862000e-01
-1.155358031392097473e-01,2.123746462166309357e-02,2.652963697910308838e-01,-7.279147952795028687e-02,1.840279251337051392e-01,-1.121783405542373657e-01,-1.446171849966049194e-01,1.099609732627868652e-01,1.464879959821701050e-01,-8.921833336353302002e-02,1.437179148197174072e-01,-1.059611886739730835e-01,7.505463808774948120e-02,1.114717572927474976e-01,-1.493044942617416382e-01,1.135796774178743362e-02
-2.070337384939193726e-01,-1.284980922937393188e-01,4.389716312289237976e-02,1.115711927413940430e-01,1.909456849098205566e-01,-1.141824014484882355e-02,9.541609883308410645e-02,1.420445144176483154e-01,1.410980056971311569e-02,4.267730563879013062e-02,-1.339873671531677246e-02,1.840558350086212158e-01,-2.787650376558303833e-02,2.546721836552023888e-03,-1.131927743554115295e-01,2.001530677080154419e-01
9.236545115709304810e-02,-1.233116611838340759e-01,2.778089232742786407e-02,1.836915463209152222e-01,-5.157047417014837265e-04,1.919674105010926723e-03,4.359250888228416443e-02,3.588721854612231255e-03,1.395071577280759811e-02,1.395473927259445190e-01,1.774479001760482788e-01,-9.914236143231391907e-03,-1.219493970274925232e-01,-8.794503659009933472e-02,-1.473575383424758911e-01,-1.606936007738113403e-01
-1.280547976493835449e-01,-1.920706331729888916e-01,-6.385985761880874634e-02,-2.752717956900596619e-02,-1.455905730836093426e-04,-2.909247390925884247e-02,2.040118724107742310e-02,5.675092712044715881e-02,4.366901144385337830e-02,1.260503381490707397e-01,-1.401541978120803833e-01,5.161947011947631836e-02,3.245854377746582031e-02,1.840973198413848877e-01,-1.264363229274749756e-01,-2.402330562472343445e-02
7.570220530033111572e-02,1.379593759775161743e-01,9.263666719198226929e-02,6.432909518480300903e-02,-8.530748635530471802e-02,-5.240398272871971130e-02,-9.619492292404174805e-02,5.259751807898283005e-03,-1.506516244262456894e-02,6.082000583410263062e-02,1.829460412263870239e-01,4.375273361802101135e-02,1.196661815047264099e-01,4.174336418509483337e-02,1.638118177652359009e-01,9.674096480011940002e-03
-1.923947632312774658e-01,1.259532868862152100e-01,7.317349314689636230e-02,-1.079574506729841232e-02,2.556163072586059570e-02,-5.425757542252540588e-02,8.123257756233215332e-02,1.102442964911460876e-01,-1.519761420786380768e-02,-5.641340836882591248e-02,7.608117163181304932e-02,-2.040016092360019684e-02,1.210100874304771423e-01,1.783598363399505615e-01,1.675473004579544067e-01,1.426863223314285278e-01
-1.059409752488136292e-01,1.685745269060134888e-01,-1.763199688866734505e-03,5.278455838561058044e-02,-1.737429350614547729e-01,1.985735632479190826e-02,-1.567052602767944336e-01,1.527957916259765625e-01,3.700498491525650024e-04,2.658079378306865692e-02,-8.946211636066436768e-02,7.737842947244644165e-02,-2.405549138784408569e-01,1.340179890394210815e-01,7.662738114595413208e-02,-1.692619323730468750e-01
1.401306837797164917e-01,-1.317260861396789551e-01,5.739199742674827576e-02,3.408293053507804871e-02,-6.235421821475028992e-02,-1.577910184860229492e-01,-1.514495313167572021e-01,7.006574887782335281e-03,1.842962950468063354e-01,-8.610875159502029419e-02,-2.013158053159713745e-02,-1.855527609586715698e-01,-6.956265121698379517e-02,7.744938880205154419e-02,1.841360032558441162e-01,1.492291986942291260e-01
1.707844734191894531e-01,-9.206566214561462402e-02,-1.408740580081939697e-01,1.286394745111465454e-01,-1.721917837858200073e-01,3.432875499129295349e-03,-1.644897162914276123e-01,-1.682038158178329468e-01,1.188803166151046753e-01,9.294082224369049072e-02,-1.612047851085662842e-02,1.533406525850296021e-01,-9.262240678071975708e-02,1.189003512263298035e-01,-6.514806300401687622e-02,-8.225753903388977051e-02
1.540202200412750244e-01,-1.702690869569778442e-01,3.683528676629066467e-02,-7.736554741859436035e-02,3.822259977459907532e-02,7.397432625293731689e-02,-1.673217713832855225e-01,-2.117330394685268402e-02,-1.020177360624074936e-02,9.347610920667648315e-02,1.217012628912925720e-01,-1.600979715585708618e-01,3.513570874929428101e-02,-6.999727338552474976e-02,-7.536403089761734009e-02,-1.035297513008117676e-01
1.634078323841094971e-01,-1.171220764517784119e-01,1.204063072800636292e-01,1.043272316455841064e-01,-2.344320993870496750e-03,-1.283880770206451416e-01,6.866355240345001221e-02,-4.179620370268821716e-02,1.089392453432083130e-01,6.493929773569107056e-02,8.319771289825439453e-02,-9.507137537002563477e-02,-8.149058371782302856e-02,1.778100878000259399e-01,-1.893007904291152954e-01,1.334636807441711426e-01
-1.892226040363311768e-01,-1.100054830312728882e-01,-6.091906130313873291e-02,9.834764897823333740e-02,-1.353785279206931591e-03,-2.192270383238792419e-02,-5.948340520262718201e-02,8.433721028268337250e-03,-2.189704775810241699e-02,3.664847230538725853e-03,-1.304930597543716431e-01,-1.258229911327362061e-01,6.524781882762908936e-02,-1.095303222537040710e-01,1.120342686772346497e-01,-6.158745288848876953e-02
1.829027757048606873e-02,1.052760928869247437e-01,2.237470000982284546e-01,-2.580956928431987762e-02,1.710403412580490112e-01,2.908978052437305450e-02,-1.648247390985488892e-01,-2.483441308140754700e-02,1.357351839542388916e-01,1.426355540752410889e-02,1.501830816268920898e-01,-8.005426079034805298e-02,7.396730780601501465e-02,1.399663537740707397e-01,9.981880336999893188e-02,-9.373403340578079224e-02
7.427380234003067017e-02,-1.358818560838699341e-01,3.144055306911468506e-01,9.936570376157760620e-02,1.216992363333702087e-01,2.318475991487503052e-01,-1.322663873434066772e-01,-8.384193480014801025e-02,-2.766755595803260803e-02,-7.162111997604370117e-02,-2.969596907496452332e-02,-6.097038462758064270e-02,-7.092373073101043701e-02,9.541415423154830933e-02,-1.686364561319351196e-01,-1.970555633306503296e-02
1.585112512111663818e-01,2.454773988574743271e-03,-1.669626496732234955e-02,3.187547996640205383e-02,1.073164567351341248e-01,1.217212900519371033e-01,1.414080709218978882e-02,7.817730307579040527e-02,2.105715125799179077e-01,-9.067607671022415161e-02,-7.202168554067611694e-02,3.648356348276138306e-02,8.238162100315093994e-02,-1.042908355593681335e-01,8.238746225833892822e-02,4.965333268046379089e-02
-1.280768215656280518e-01,-5.716717615723609924e-02,2.207643985748291016e-01,-8.966973423957824707e-02,1.850728690624237061e-02,1.300032287836074829e-01,1.416983008384704590e-01,-9.128484874963760376e-02,-1.158985495567321777e-02,7.495076954364776611e-02,-1.751008629798889160e-01,1.479332596063613892e-01,-1.203123703598976135e-01,1.263865530490875244e-01,6.739172339439392090e-02,-1.120920255780220032e-01
5.914404615759849548e-02,-4.746154323220252991e-02,-1.010698359459638596e-02,1.910385638475418091e-01,1.402789261192083359e-02,1.591047495603561401e-01,-1.173542067408561707e-01,-1.975880861282348633e-01,-1.246869266033172607e-01,-1.936016827821731567e-01,3.966161981225013733e-02,5.334132537245750427e-02,1.514812409877777100e-01,1.916555911302566528e-01,1.889390684664249420e-02,1.617401093244552612e-01
-8.002547174692153931e-02,1.434088051319122314e-01,1.729415655136108398e-01,-1.028650850057601929e-01,1.106215268373489380e-01,9.757547080516815186e-02,-1.621136665344238281e-01,-1.277490705251693726e-01,-9.366293996572494507e-02,-3.921606391668319702e-02,-6.729502975940704346e-02,5.241452530026435852e-02,1.844817423261702061e-03,-1.866471469402313232e-01,8.413060009479522705e-02,1.123436614871025085e-01
7.825747132301330566e-02,-5.529887601733207703e-02,-5.537160485982894897e-02,-1.494546514004468918e-02,9.026071429252624512e-02,-4.707155749201774597e-02,-2.020341716706752777e-02,-2.710306644439697266e-02,1.680332571268081665e-01,-9.391293674707412720e-02,-1.792281568050384521e-01,1.926521360874176025e-01,3.204072639346122742e-02,1.875510066747665405e-01,-5.489077419042587280e-02,-1.111787185072898865e-01
4.144812002778053284e-02,-1.222869753837585449e-01,-1.153034567832946777e-01,1.764321476221084595e-01,2.882163785398006439e-02,2.732755541801452637e-01,5.588820949196815491e-02,-9.566433727741241455e-03,-2.693556807935237885e-02,1.492640227079391479e-01,3.808849677443504333e-02,-1.086475029587745667e-01,-1.200816184282302856e-01,1.134043037891387939e-01,2.185962051153182983e-01,1.109666228294372559e-01
-5.895010009407997131e-02,9.003863483667373657e-02,-2.309189923107624054e-02,-4.872172698378562927e-02,-1.490280330181121826e-01,3.012647153809666634e-03,1.489065587520599365e-01,-8.807829767465591431e-02,1.500736027956008911e-01,1.561558246612548828e-01,7.352638244628906250e-02,-1.430840231478214264e-02,3.445108234882354736e-02,5.532471835613250732e-02,9.428606182336807251e-02,1.700818389654159546e-01
4.449431970715522766e-02,-1.383446902036666870e-01,-1.174872145056724548e-01,1.213844567537307739e-01,1.447711698710918427e-02,1.208632811903953552e-01,8.457997441291809082e-02,1.329164952039718628e-01,-3.832983225584030151e-02,-2.016340568661689758e-02,-1.561736315488815308e-01,7.269977778196334839e-02,-6.542094796895980835e-02,1.027912460267543793e-02,-9.588322788476943970e-02,-2.132466249167919159e-02
-3.197436034679412842e-02,1.634828746318817139e-02,-1.261212378740310669e-01,-1.206630691885948181e-01,2.549377083778381348e-02,1.673502624034881592e-01,1.265924274921417236e-01,-1.792404055595397949e-01,1.452161073684692383e-01,1.990823447704315186e-01,-1.722145527601242065e-01,1.497347205877304077e-01,-1.435304135084152222e-01,-7.145755738019943237e-02,1.250004619359970093e-01,1.137498766183853149e-01
-3.464242070913314819e-02,-2.105821296572685242e-02,3.438883228227496147e-03,1.073005720973014832e-01,3.253557533025741577e-02,1.100220382213592529e-01,-1.872298419475555420e-01,1.697227060794830322e-01,-1.304580420255661011e-01,-1.303627789020538330e-01,-1.617235690355300903e-01,-1.145183444023132324e-01,-9.395410120487213135e-02,1.516702473163604736e-01,-4.660372063517570496e-02,-1.862829923629760742e-01
8.965364843606948853e-02,1.367869079113006592e-01,8.602797985076904297e-02,5.250982567667961121e-02,-1.146735623478889465e-01,-1.840505003929138184e-01,-1.263511627912521362e-01,-1.482234299182891846e-01,-1.241704225540161133e-01,7.501783967018127441e-02,1.294646561145782471e-01,7.710152864456176758e-02,-2.736048540100455284e-03,-1.979201287031173706e-01,2.051767334342002869e-02,-1.062831729650497437e-01
-1.988617330789566040e-01,-8.640965074300765991e-02,-1.271217316389083862e-01,-7.225758582353591919e-02,3.410263732075691223e-02,-7.219545543193817139e-02,-1.056383997201919556e-01,-1.830955594778060913e-02,5.336679145693778992e-02,-9.414246305823326111e-03,1.390120089054107666e-01,6.184242665767669678e-03,-1.578416526317596436e-01,-1.304815262556076050e-01,1.580009311437606812e-01,-9.146416932344436646e-02
1.202284842729568481e-01,8.615687489509582520e-02,6.708240509033203125e-02,2.685463801026344299e-02,1.847001016139984131e-01,-1.324280202388763428e-01,-1.260804831981658936e-01,1.079609245061874390e-02,-8.124536275863647461e-02,-7.672197371721267700e-02,-4.570171982049942017e-02,-1.287387907505035400e-01,5.537933856248855591e-02,-1.879839897155761719e-01,2.206714451313018799e-02,1.012131012976169586e-02
-1.207679286599159241e-01,-6.359967589378356934e-02,-1.920294612646102905e-01,9.677925705909729004e-02,-1.297351121902465820e-01,6.360090523958206177e-02,1.103847548365592957e-01,7.808611541986465454e-02,5.309519544243812561e-02,-1.418826878070831299e-01,2.308177528902888298e-03,-1.468049734830856323e-01,1.506596654653549194e-01,-1.774665862321853638e-01,-1.288667023181915283e-01,-4.863666743040084839e-02
-8.036979287862777710e-02,-1.001876741647720337e-01,6.729337573051452637e-01,1.336627155542373657e-01,-1.744231730699539185e-01,4.238310158252716064e-01,2.062699347734451294e-01,-3.183335661888122559e-01,5.633726716041564941e-01,-2.093772869557142258e-03,1.019335165619850159e-01,4.104298353195190430e-01,3.137531876564025879e-01,-1.723840385675430298e-01,2.671233415603637695e-01,1.707987636327743530e-01
